1524497687430, 1
1524497687480, 2
1524497687480, 2
1524497687530, 1
1524497687530, 2
1524497687600, 1
1524497687650, 1
1524497687651, 2
1524497687710, 1
1524497687710, 2
1524497687760, 2
1524497687770, 2
1524497687811, 3
1524497687821, 3
1524497687821, 3
1524497687858, 3
1524497687868, 4
1524497687868, 4
1524497687901, 4
1524497687901, 4
1524497687912, 4
1524497687912, 5
1524497687952, 5
1524497687952, 5
1524497687962, 5
1524497687963, 5
1524497687963, 5
1524497687994, 6
1524497687994, 6
1524497688005, 6
1524497688005, 6
1524497688006, 6
1524497688016, 6
1524497688036, 6
1524497688039, 7
1524497688098, 1
1524497688098, 2
1524497688099, 2
1524497688099, 2
1524497688099, 3
1524497688099, 3
1524497688099, 3
1524497688149, 1
1524497688149, 2
1524497688195, 3
1524497688200, 3
1524497688200, 3
1524497688237, 3
1524497688242, 4
1524497688242, 4
1524497688279, 4
1524497688279, 4
1524497688285, 4
1524497688285, 5
1524497688321, 5
1524497688321, 5
1524497688329, 5
1524497688329, 5
1524497688329, 5
1524497688363, 6
1524497688363, 6
1524497688373, 6
1524497688373, 6
1524497688373, 6
1524497688374, 6
1524497688406, 6
1524497688406, 7
1524497688416, 7
1524497688416, 7
1524497688416, 7
1524497688417, 7
1524497688447, 7
1524497688447, 7
1524497688459, 7
1524497688460, 8
1524497688460, 8
1524497688460, 8
1524497688464, 8
1524497688490, 8
1524497688490, 8
1524497688502, 8
1524497688502, 8
1524497688502, 8
1524497688504, 9
1524497688506, 9
1524497688506, 9
1524497688531, 9
1524497688531, 9
1524497688546, 9
1524497688547, 9
1524497688547, 9
1524497688547, 9
1524497688549, 9
1524497688549, 10
1524497688553, 10
1524497688575, 10
1524497688576, 10
1524497688588, 10
1524497688588, 10
1524497688589, 10
1524497688590, 10
1524497688592, 10
1524497688593, 10
1524497688593, 10
1524497688596, 11
1524497688621, 11
1524497688621, 11
1524497688631, 11
1524497688631, 11
1524497688643, 11
1524497688643, 11
1524497688643, 11
1524497688643, 11
1524497688644, 11
1524497688651, 11
1524497688651, 11
1524497688664, 12
1524497688664, 12
1524497688672, 12
1524497688672, 12
1524497688686, 12
1524497688687, 12
1524497688687, 12
1524497688693, 12
1524497688693, 12
1524497688693, 12
1524497688693, 12
1524497688696, 12
1524497688709, 12
1524497688709, 13
1524497688714, 13
1524497688714, 13
1524497688730, 13
1524497688730, 13
1524497688730, 13
1524497688735, 13
1524497688735, 13
1524497688736, 13
1524497688740, 13
1524497688740, 13
1524497688751, 13
1524497688751, 13
1524497688752, 13
1524497688756, 14
1524497688756, 14
1524497688772, 14
1524497688772, 14
1524497688773, 14
1524497688776, 14
1524497688776, 14
1524497688777, 14
1524497688781, 14
1524497688781, 14
1524497688792, 14
1524497688793, 14
1524497688793, 14
1524497688795, 14
1524497688797, 14
1524497688797, 15
1524497688813, 15
1524497688813, 15
1524497688814, 15
1524497688817, 15
1524497688818, 15
1524497688819, 15
1524497688826, 15
1524497688826, 15
1524497688834, 15
1524497688835, 15
1524497688835, 15
1524497688837, 15
1524497688837, 15
1524497688840, 15
1524497688840, 15
1524497688855, 16
1524497688855, 16
1524497688856, 16
1524497688858, 16
1524497688859, 16
1524497688861, 16
1524497688867, 16
1524497688867, 16
1524497688876, 16
1524497688878, 16
1524497688924, 1
1524497688972, 1
1524497688972, 2
1524497688972, 2
1524497688972, 2
1524497688972, 3
1524497688972, 3
1524497688972, 3
1524497688972, 3
1524497688972, 4
1524497688972, 4
1524497688972, 4
1524497688972, 4
1524497688975, 4
1524497688975, 5
1524497688975, 5
1524497689030, 1
1524497689030, 2
1524497689031, 2
1524497689032, 2
1524497689033, 3
1524497689075, 1
1524497689077, 2
1524497689077, 2
1524497689122, 1
1524497689122, 2
1524497689163, 2
1524497689164, 2
1524497689209, 3
1524497689209, 3
1524497689209, 3
1524497689252, 3
1524497689252, 4
1524497689253, 4
1524497689294, 4
1524497689294, 4
1524497689296, 4
1524497689297, 5
1524497689337, 5
1524497689337, 5
1524497689338, 5
1524497689339, 5
1524497689340, 5
1524497689380, 6
1524497689380, 6
1524497689381, 6
1524497689381, 6
1524497689383, 6
1524497689384, 6
1524497689422, 6
1524497689422, 7
1524497689424, 7
1524497689426, 7
1524497689426, 7
1524497689426, 7
1524497689464, 7
1524497689464, 7
1524497689465, 7
1524497689465, 8
1524497689466, 8
1524497689468, 8
1524497689469, 8
1524497689506, 8
1524497689506, 8
1524497689507, 8
1524497689509, 8
1524497689509, 8
1524497689511, 9
1524497689512, 9
1524497689592, 1
1524497689592, 2
1524497689593, 2
1524497689593, 2
1524497689593, 3
1524497689593, 3
1524497689593, 3
1524497689593, 3
1524497689593, 4
1524497689643, 1
1524497689643, 2
1524497689645, 2
1524497689646, 2
1524497689688, 1
1524497689689, 2
1524497689692, 2
1524497689731, 1
1524497689732, 2
1524497689773, 2
1524497689773, 2
1524497689815, 3
1524497689815, 3
1524497689815, 3
1524497689857, 3
1524497689857, 4
1524497689858, 4
1524497689944, 1
1524497689944, 2
1524497689944, 3
1524497689944, 3
1524497689991, 3
1524497689991, 3
1524497690034, 4
1524497690034, 4
1524497690034, 4
1524497690034, 4
1524497690076, 4
1524497690076, 5
1524497690077, 5
1524497690078, 5
1524497690126, 5
1524497690168, 1
1524497690168, 2
1524497690169, 3
1524497690169, 4
1524497690169, 4
1524497690216, 1
1524497690217, 2
1524497690218, 3
1524497690219, 3
1524497690260, 1
1524497690260, 2
1524497690262, 3
1524497690344, 1
1524497690344, 2
1524497690344, 3
1524497690387, 1
1524497690387, 2
1524497690388, 3
1524497690431, 3
1524497690433, 3
1524497690433, 3
1524497690476, 4
1524497690476, 4
1524497690476, 4
1524497690478, 4
1524497690518, 4
1524497690518, 5
1524497690519, 5
1524497690519, 5
1524497690560, 5
1524497690560, 5
1524497690560, 5
1524497690562, 6
1524497690563, 6
1524497690601, 6
1524497690602, 6
1524497690602, 6
1524497690605, 6
1524497690605, 6
1524497690607, 7
1524497690643, 7
1524497690686, 1
1524497690686, 2
1524497690686, 2
1524497690686, 2
1524497690686, 3
1524497690686, 3
1524497690686, 3
1524497690734, 1
1524497690735, 2
1524497690736, 3
1524497690777, 1
1524497690779, 2
1524497690780, 3
1524497690820, 1
1524497690822, 2
1524497690822, 3
1524497690863, 1
1524497690905, 2
1524497690905, 3
1524497690946, 3
1524497690947, 3
1524497690947, 3
1524497690989, 4
1524497690989, 4
1524497690989, 4
1524497690992, 4
1524497691076, 1
1524497691076, 2
1524497691117, 3
1524497691117, 3
1524497691120, 3
1524497691159, 3
1524497691159, 4
1524497691162, 4
1524497691201, 4
1524497691201, 4
1524497691201, 4
1524497691243, 5
1524497691243, 5
1524497691243, 5
1524497691244, 5
1524497691245, 5
1524497691286, 5
1524497691286, 6
1524497691286, 6
1524497691288, 6
1524497691289, 6
1524497691337, 6
1524497691337, 6
1524497691337, 6
1524497691338, 7
1524497691340, 7
1524497691340, 7
1524497691379, 7
1524497691379, 7
1524497691380, 7
1524497691381, 7
1524497691383, 7
1524497691383, 8
1524497691421, 8
1524497691421, 8
1524497691421, 8
1524497691422, 8
1524497691423, 8
1524497691425, 8
1524497691426, 8
1524497691427, 8
1524497691464, 9
1524497691464, 9
1524497691464, 9
1524497691467, 9
1524497691467, 9
1524497691469, 9
1524497691469, 9
1524497691470, 9
1524497691472, 9
1524497691508, 9
1524497691509, 10
1524497691510, 10
1524497691555, 1
1524497691555, 2
1524497691555, 2
1524497691598, 1
1524497691598, 2
1524497691598, 2
1524497691598, 2
1524497691598, 3
1524497691598, 3
1524497691598, 3
1524497691647, 1
1524497691647, 2
1524497691647, 2
1524497691690, 1
1524497691692, 2
1524497691776, 1
1524497691776, 2
1524497691818, 2
1524497691818, 2
1524497691859, 3
1524497691859, 3
1524497691859, 3
1524497691901, 3
1524497691901, 4
1524497691902, 4
1524497691943, 4
1524497691943, 4
1524497691946, 4
1524497691947, 5
1524497691985, 5
1524497691985, 5
1524497691988, 5
1524497691988, 5
1524497692072, 1
1524497692072, 2
1524497692072, 3
1524497692073, 4
1524497692073, 4
1524497692118, 1
1524497692118, 2
1524497692120, 3
1524497692121, 3
1524497692164, 1
1524497692164, 2
1524497692165, 3
1524497692207, 3
1524497692207, 3
1524497692209, 3
1524497692250, 4
1524497692250, 4
1524497692251, 4
1524497692251, 4
1524497692293, 4
1524497692293, 5
1524497692293, 5
1524497692294, 5
1524497692336, 5
1524497692336, 5
1524497692337, 5
1524497692337, 6
1524497692337, 6
1524497692378, 6
1524497692381, 6
1524497692426, 1
1524497692427, 2
1524497692427, 3
1524497692427, 4
1524497692427, 4
1524497692427, 4
1524497692475, 1
1524497692475, 2
1524497692476, 2
1524497692477, 2
1524497692519, 1
1524497692519, 2
1524497692521, 3
1524497692561, 1
1524497692563, 2
1524497692563, 3
1524497692605, 3
1524497692605, 3
1524497692606, 3
1524497692647, 4
1524497692647, 4
1524497692647, 4
1524497692649, 4
1524497692690, 4
1524497692691, 5
1524497692691, 5
1524497692692, 5
1524497692732, 5
1524497692732, 5
1524497692733, 5
1524497692734, 6
1524497692736, 6
1524497692775, 6
1524497692775, 6
1524497692775, 6
1524497692777, 6
1524497692778, 6
1524497692780, 7
1524497692817, 7
1524497692817, 7
1524497692817, 7
1524497692819, 7
1524497692820, 7
1524497692822, 7
1524497692822, 7
1524497692859, 8
1524497692859, 8
1524497692859, 8
1524497692860, 8
1524497692862, 8
1524497692863, 8
1524497692864, 8
1524497692865, 8
1524497692900, 8
1524497692900, 9
1524497692945, 1
1524497692945, 2
1524497692945, 2
1524497692945, 2
1524497692945, 3
1524497692945, 3
1524497692945, 3
1524497692945, 3
1524497692945, 4
1524497692998, 1
1524497692998, 2
1524497693000, 2
1524497693000, 2
1524497693052, 1
1524497693052, 2
1524497693057, 3
1524497693143, 1
1524497693143, 2
1524497693143, 3
1524497693192, 1
1524497693192, 2
1524497693192, 3
1524497693238, 3
1524497693238, 3
1524497693241, 3
1524497693282, 4
1524497693282, 4
1524497693292, 4
1524497693293, 4
1524497693325, 4
1524497693325, 5
1524497693334, 5
1524497693334, 5
1524497693368, 5
1524497693368, 5
1524497693370, 5
1524497693379, 6
1524497693379, 6
1524497693454, 1
1524497693454, 2
1524497693454, 2
1524497693454, 2
1524497693454, 3
1524497693454, 3
1524497693507, 1
1524497693507, 2
1524497693511, 3
1524497693552, 1
1524497693562, 2
1524497693562, 3
1524497693612, 3
1524497693622, 3
1524497693622, 3
1524497693653, 4
1524497693664, 4
1524497693664, 4
1524497693664, 4
1524497693698, 4
1524497693709, 5
1524497693709, 5
1524497693709, 5
1524497693790, 1
1524497693790, 2
1524497693790, 3
1524497693790, 4
1524497693791, 4
1524497693840, 1
1524497693840, 2
1524497693841, 3
1524497693841, 3
1524497693890, 1
1524497693890, 2
1524497693972, 1
1524497693972, 2
1524497693972, 3
1524497694033, 1
1524497694034, 2
1524497694035, 2
1524497694079, 2
1524497694082, 3
1524497694121, 3
1524497694121, 3
1524497694132, 3
1524497694164, 4
1524497694164, 4
1524497694177, 4
1524497694177, 4
1524497694211, 4
1524497694211, 5
1524497694221, 5
1524497694221, 5
1524497694256, 5
1524497694256, 5
1524497694261, 5
1524497694266, 6
1524497694266, 6
1524497694298, 6
1524497694298, 6
1524497694308, 6
1524497694309, 6
1524497694311, 6
1524497694311, 7
1524497694344, 7
1524497694345, 7
1524497694353, 7
1524497694353, 7
1524497694354, 7
1524497694356, 7
1524497694357, 7
1524497694388, 8
1524497694388, 8
1524497694400, 8
1524497694400, 8
1524497694400, 8
1524497694411, 8
1524497694411, 8
1524497694411, 8
1524497694434, 8
1524497694448, 9
1524497694448, 9
1524497694448, 9
1524497694448, 9
1524497694459, 9
1524497694459, 9
1524497694459, 9
1524497694483, 9
1524497694483, 9
1524497694491, 9
1524497694493, 10
1524497694493, 10
1524497694493, 10
1524497694502, 10
1524497694502, 10
1524497694504, 10
1524497694524, 10
1524497694524, 10
1524497694533, 10
1524497694533, 10
1524497694534, 10
1524497694534, 11
1524497694537, 11
1524497694544, 11
1524497694544, 11
1524497694567, 11
1524497694567, 11
1524497694567, 11
1524497694620, 1
1524497694620, 2
1524497694620, 2
1524497694620, 2
1524497694621, 3
1524497694621, 3
1524497694621, 3
1524497694671, 1
1524497694671, 2
1524497694671, 3
1524497694671, 3
1524497694715, 1
1524497694717, 2
1524497694718, 3
1524497694759, 1
1524497694760, 2
1524497694760, 3
1524497694802, 1
1524497694802, 2
1524497694804, 3
1524497694845, 3
1524497694846, 3
1524497694847, 3
1524497694887, 4
1524497694887, 4
1524497694889, 4
1524497694931, 4
1524497694931, 4
1524497694931, 5
1524497694931, 5
1524497694975, 5
1524497694975, 5
1524497694981, 5
1524497694981, 5
1524497694984, 6
1524497695024, 6
1524497695024, 6
1524497695033, 6
1524497695033, 6
1524497695042, 6
1524497695043, 6
